{"findings":[{"module":"node-npmoutdated","level":"high","offender":"@testing-library/user-event","description":"Module is one or more major versions out of date","mitigation":"Upgrade to v8.0.3 (Current: v7.2.1)"},{"module":"node-npmoutdated","level":"high","offender":"eslint-plugin-flowtype","description":"Module is one or more major versions out of date","mitigation":"Upgrade to v4.6.0 (Current: v3.13.0)"},{"module":"node-npmoutdated","level":"high","offender":"eslint-plugin-react-hooks","description":"Module is one or more major versions out of date","mitigation":"Upgrade to v2.3.0 (Current: v1.7.0)"},{"module":"node-yarnaudit","level":"medium","offender":"serialize-javascript","description":"Cross-Site Scripting","mitigation":"Ingested via react-scripts"},{"module":"node-yarnaudit","level":"medium","offender":"serialize-javascript","description":"Cross-Site Scripting","mitigation":"Ingested via react-scripts"}]}